{
 "renderSettings": {
  "highlightColour": {
   "x": 0.19607841968536377,
   "y": 0.19607841968536377,
   "z": 0.19607841968536377
  },
  "pointLightRenderScale": 0.07000000029802322,
  "shouldRenderPointLights": true
 },
 "uiStyle": {
  "Item BG": {
   "w": 0.5400000214576721,
   "x": 0.1599999964237213,
   "y": 0.28999999165534973,
   "z": 0.47999998927116394
  },
  "Item BG active": {
   "w": 0.6700000166893005,
   "x": 0.25999999046325684,
   "y": 0.5899999737739563,
   "z": 0.9800000190734863
  },
  "Item BG hover": {
   "w": 0.4000000059604645,
   "x": 0.48695215582847595,
   "y": 0.7165154218673706,
   "z": 0.9460784196853638
  },
  "Text colour": {
   "w": 1.0,
   "x": 1.0,
   "y": 0.9062860012054443,
   "z": 0.6813725233078003
  },
  "Title BG": {
   "w": 1.0,
   "x": 0.03999999910593033,
   "y": 0.03999999910593033,
   "z": 0.03999999910593033
  },
  "Title BG active": {
   "w": 1.0,
   "x": 0.18014706671237946,
   "y": 0.24826990067958832,
   "z": 0.30882352590560913
  },
  "Title BG collapsed": {
   "w": 0.5099999904632568,
   "x": 0.0,
   "y": 0.0,
   "z": 0.0
  },
  "Window BG colour": {
   "w": 0.9411764740943909,
   "x": 0.0,
   "y": 0.0470588244497776,
   "z": 0.11372549086809158
  },
  "Window border": {
   "w": 0.5,
   "x": 0.4300000071525574,
   "y": 0.4300000071525574,
   "z": 0.5
  }
 }
}