{"ambientLightColour":{"b":0.10196078568696976,"g":0.10196078568696976,"r":0.10196078568696976},"camera":{"horizontalFOVDeg":100.0,"position":{"x":-0.5823078155517578,"y":1.6315703392028809,"z":0.8730329275131226},"sensitivity":0.1},"directionalLight":{"colour":{"b":1.0,"g":1.0,"r":1.0},"dirTo":{"x":0.0,"y":1.0,"z":0.0}},"objects":[{"components":{"Point Light":{"colour":{"b":1.0,"g":1.0,"r":1.0}}},"name":"Light","transform":{"position":{"x":0.0,"y":0.30000001192092896,"z":0.0},"rotation":{"x":0.0,"y":0.0,"z":0.0},"scale":{"x":1.0,"y":1.0,"z":1.0}}},{"components":{"Model":{"objPath":"assets/objects/sponza/sponza.obj"}},"name":"Sponza","transform":{"position":{"x":0.0,"y":0.0,"z":0.0},"rotation":{"x":0.0,"y":0.0,"z":0.0},"scale":{"x":0.009999999776482582,"y":0.009999999776482582,"z":0.009999999776482582}}}]}