{
 "ambientLightColour": {
  "x": 0.10196078568696976,
  "y": 0.10196078568696976,
  "z": 0.10196078568696976
 },
 "camera": {
  "horizontalFOVDeg": 100.0,
  "position": {
   "x": 0.5651044249534607,
   "y": 2.0778653621673584,
   "z": 0.13429293036460876
  },
  "sensitivity": 0.1
 },
 "directionalLight": {
  "colour": {
   "x": 1.0,
   "y": 1.0,
   "z": 1.0
  },
  "dirTo": {
   "x": 0.0,
   "y": 1.0,
   "z": 0.0
  }
 },
 "objects": [
  {
   "children": [],
   "components": {
    "Point Light": {
     "colour": {
      "x": 1.0,
      "y": 1.0,
      "z": 1.0
     }
    }
   },
   "name": "Light",
   "transform": {
    "position": {
     "x": 0.0,
     "y": 1.7599999904632568,
     "z": 0.0
    },
    "rotation": {
     "x": 0.0,
     "y": 0.0,
     "z": 0.0
    },
    "scale": {
     "x": 2.0,
     "y": 1.0,
     "z": 1.0
    }
   }
  },
  {
   "children": [],
   "components": {
    "Model": {
     "objPath": "assets/objects/sponza/sponza.obj"
    }
   },
   "name": "Sponza",
   "transform": {
    "position": {
     "x": 0.0,
     "y": 0.0,
     "z": 0.0
    },
    "rotation": {
     "x": 0.0,
     "y": 0.0,
     "z": 0.0
    },
    "scale": {
     "x": 0.009999999776482582,
     "y": 0.009999999776482582,
     "z": 0.009999999776482582
    }
   }
  }
 ]
}