{"ambientLightColour":{"b":0.10000000149011612,"g":0.10000000149011612,"r":0.10000000149011612},"camera":{"horizontalFOVDeg":100.0,"position":{"x":-0.8529345393180847,"y":1.1605987548828125,"z":0.06705714762210846},"sensitivity":0.1},"directionalLight":{"colour":{"b":1.0,"g":1.0,"r":1.0},"dirTo":{"x":0.0,"y":1.0,"z":0.0}},"objects":[{"components":{"Point Light":{"colour":{"b":1.0,"g":1.0,"r":1.0}}},"name":"Light","transform":{"position":{"x":0.0,"y":1.0,"z":0.0},"rotation":{"x":0.0,"y":0.0,"z":0.0},"scale":{"x":1.0,"y":1.0,"z":1.0}}},{"components":{"Model":{"objPath":"assets/objects/sponza/sponza.obj"}},"name":"Sponza","transform":{"position":{"x":0.0,"y":0.0,"z":0.0},"rotation":{"x":0.0,"y":0.0,"z":0.0},"scale":{"x":0.10000000149011612,"y":-0.10000000149011612,"z":0.10000000149011612}}}]}